
insert  into `tb_writing_translation`
(`id`,`type`,`section_code`,`question_id`,`create_date`,`create_by`,`update_date`,`update_by`,`remarks`,`sort`,`del_flag`) values
('2','1','1','15','2017-07-22 09:42:00',NULL,'2017-07-22 09:42:02',NULL,NULL,0,0),
('3','1','1','16','2017-07-22 09:42:00',NULL,'2017-07-22 09:42:02',NULL,NULL,0,0),
('4','1','1','17','2017-07-22 09:42:00',NULL,'2017-07-22 09:42:02',NULL,NULL,0,0),
('5','1','1','18','2017-07-22 09:42:00',NULL,'2017-07-22 09:42:02',NULL,NULL,0,0),
('6','1','1','19','2017-07-22 09:42:00',NULL,'2017-07-22 09:42:02',NULL,NULL,0,0),

('7','1','1','20','2017-07-22 09:42:00',NULL,'2017-07-22 09:42:02',NULL,NULL,0,0),
('8','1','1','21','2017-07-22 09:42:00',NULL,'2017-07-22 09:42:02',NULL,NULL,0,0),
('9','1','1','22','2017-07-22 09:42:00',NULL,'2017-07-22 09:42:02',NULL,NULL,0,0),
('10','1','1','23','2017-07-22 09:42:00',NULL,'2017-07-22 09:42:02',NULL,NULL,0,0),
('11','1','1','24','2017-07-22 09:42:00',NULL,'2017-07-22 09:42:02',NULL,NULL,0,0),

('12','1','1','25','2017-07-22 09:42:00',NULL,'2017-07-22 09:42:02',NULL,NULL,0,0),
('13','1','1','26','2017-07-22 09:42:00',NULL,'2017-07-22 09:42:02',NULL,NULL,0,0),
('14','1','1','27','2017-07-22 09:42:00',NULL,'2017-07-22 09:42:02',NULL,NULL,0,0),
('15','1','1','28','2017-07-22 09:42:00',NULL,'2017-07-22 09:42:02',NULL,NULL,0,0),
('16','1','1','29','2017-07-22 09:42:00',NULL,'2017-07-22 09:42:02',NULL,NULL,0,0),

('17','1','1','30','2017-07-22 09:42:00',NULL,'2017-07-22 09:42:02',NULL,NULL,0,0),
('18','1','1','31','2017-07-22 09:42:00',NULL,'2017-07-22 09:42:02',NULL,NULL,0,0),
('19','1','1','32','2017-07-22 09:42:00',NULL,'2017-07-22 09:42:02',NULL,NULL,0,0),
('20','1','1','33','2017-07-22 09:42:00',NULL,'2017-07-22 09:42:02',NULL,NULL,0,0),
('21','1','1','34','2017-07-22 09:42:00',NULL,'2017-07-22 09:42:02',NULL,NULL,0,0),

('22','1','1','35','2017-07-22 09:42:00',NULL,'2017-07-22 09:42:02',NULL,NULL,0,0),
('23','1','1','36','2017-07-22 09:42:00',NULL,'2017-07-22 09:42:02',NULL,NULL,0,0),



('24','2','1','15','2017-07-22 09:42:00',NULL,'2017-07-22 09:42:02',NULL,NULL,0,0),
('25','2','1','16','2017-07-22 09:42:00',NULL,'2017-07-22 09:42:02',NULL,NULL,0,0),
('26','2','1','17','2017-07-22 09:42:00',NULL,'2017-07-22 09:42:02',NULL,NULL,0,0),
('27','2','1','18','2017-07-22 09:42:00',NULL,'2017-07-22 09:42:02',NULL,NULL,0,0),
('28','2','1','19','2017-07-22 09:42:00',NULL,'2017-07-22 09:42:02',NULL,NULL,0,0),

('29','2','1','20','2017-07-22 09:42:00',NULL,'2017-07-22 09:42:02',NULL,NULL,0,0),
('30','2','1','21','2017-07-22 09:42:00',NULL,'2017-07-22 09:42:02',NULL,NULL,0,0),
('31','2','1','22','2017-07-22 09:42:00',NULL,'2017-07-22 09:42:02',NULL,NULL,0,0),
('32','2','1','23','2017-07-22 09:42:00',NULL,'2017-07-22 09:42:02',NULL,NULL,0,0),
('33','2','1','24','2017-07-22 09:42:00',NULL,'2017-07-22 09:42:02',NULL,NULL,0,0),

('34','2','1','35','2017-07-22 09:42:00',NULL,'2017-07-22 09:42:02',NULL,NULL,0,0),
('35','2','1','36','2017-07-22 09:42:00',NULL,'2017-07-22 09:42:02',NULL,NULL,0,0)
;

insert  into `tb_question`(`id`,`name`,`content`,`type`,`has_item`,`question_num`,`section_code`,`analysis`,`create_date`,`create_by`,`update_date`,`update_by`,`remarks`,`del_flag`) values
('15','15','10',4,0,0,1,'1','2017-07-22 09:38:12','1','2017-07-22 09:38:15','1','1',0),
('16','16','10',4,0,0,1,'1','2017-07-22 09:38:12','1','2017-07-22 09:38:15','1','1',0),
('17','17','10',4,0,0,1,'1','2017-07-22 09:38:12','1','2017-07-22 09:38:15','1','1',0),
('18','18','10',4,0,0,1,'1','2017-07-22 09:38:12','1','2017-07-22 09:38:15','1','1',0),
('19','19','10',4,0,0,1,'1','2017-07-22 09:38:12','1','2017-07-22 09:38:15','1','1',0),

('20','20','10',4,0,0,1,'1','2017-07-22 09:38:12','1','2017-07-22 09:38:15','1','1',0),
('21','21','10',4,0,0,1,'1','2017-07-22 09:38:12','1','2017-07-22 09:38:15','1','1',0),
('22','22','10',4,0,0,1,'1','2017-07-22 09:38:12','1','2017-07-22 09:38:15','1','1',0),
('23','23','10',4,0,0,1,'1','2017-07-22 09:38:12','1','2017-07-22 09:38:15','1','1',0),
('24','24','10',4,0,0,1,'1','2017-07-22 09:38:12','1','2017-07-22 09:38:15','1','1',0),

('25','25','10',4,0,0,1,'1','2017-07-22 09:38:12','1','2017-07-22 09:38:15','1','1',0),
('26','26','10',4,0,0,1,'1','2017-07-22 09:38:12','1','2017-07-22 09:38:15','1','1',0),
('27','27','10',4,0,0,1,'1','2017-07-22 09:38:12','1','2017-07-22 09:38:15','1','1',0),
('28','28','10',4,0,0,1,'1','2017-07-22 09:38:12','1','2017-07-22 09:38:15','1','1',0),
('29','29','10',4,0,0,1,'1','2017-07-22 09:38:12','1','2017-07-22 09:38:15','1','1',0),

('30','30','10',4,0,0,1,'1','2017-07-22 09:38:12','1','2017-07-22 09:38:15','1','1',0),
('31','31','10',4,0,0,1,'1','2017-07-22 09:38:12','1','2017-07-22 09:38:15','1','1',0),
('32','32','10',4,0,0,1,'1','2017-07-22 09:38:12','1','2017-07-22 09:38:15','1','1',0),
('33','33','10',4,0,0,1,'1','2017-07-22 09:38:12','1','2017-07-22 09:38:15','1','1',0),
('34','34','10',4,0,0,1,'1','2017-07-22 09:38:12','1','2017-07-22 09:38:15','1','1',0),

('35','35','10',4,0,0,1,'1','2017-07-22 09:38:12','1','2017-07-22 09:38:15','1','1',0),
('36','36','10',4,0,0,1,'1','2017-07-22 09:38:12','1','2017-07-22 09:38:15','1','1',0),



('37','37','37',3,0,0,1,'1','2017-07-22 09:38:12','1','2017-07-22 09:38:15','1','1',0),
('38','38','38',3,0,0,1,'1','2017-07-22 09:38:12','1','2017-07-22 09:38:15','1','1',0),
('39','39','39',3,0,0,1,'1','2017-07-22 09:38:12','1','2017-07-22 09:38:15','1','1',0),
('40','40','10',3,0,0,1,'1','2017-07-22 09:38:12','1','2017-07-22 09:38:15','1','1',0),
('41','41','41',3,0,0,1,'1','2017-07-22 09:38:12','1','2017-07-22 09:38:15','1','1',0),

('42','42','42',3,0,0,1,'1','2017-07-22 09:38:12','1','2017-07-22 09:38:15','1','1',0),
('43','43','43',3,0,0,1,'1','2017-07-22 09:38:12','1','2017-07-22 09:38:15','1','1',0),
('44','44','44',3,0,0,1,'1','2017-07-22 09:38:12','1','2017-07-22 09:38:15','1','1',0),
('45','45','45',3,0,0,1,'1','2017-07-22 09:38:12','1','2017-07-22 09:38:15','1','1',0),
('46','46','46',3,0,0,1,'1','2017-07-22 09:38:12','1','2017-07-22 09:38:15','1','1',0),

('47','47','47',3,0,0,1,'1','2017-07-22 09:38:12','1','2017-07-22 09:38:15','1','1',0),
('48','48','48',3,0,0,1,'1','2017-07-22 09:38:12','1','2017-07-22 09:38:15','1','1',0);

insert  into `tb_question_writing`(`id`,`question_id`,`reference`,`analysis_cc_id`) values
 ('3','15','3','3'),
 ('4','16','4','4'),
 ('5','17','5','5'),
 ('6','18','6','6'),
 ('7','19','7','7'),

 ('8','20','8','8'),
 ('9','21','9','9'),
 ('10','22','3','3'),
 ('11','23','4','4'),
 ('12','24','5','5'),

 ('13','25','6','6'),
 ('14','26','7','7'),
 ('15','27','3','3'),
 ('16','28','4','4'),
 ('17','29','5','5'),

 ('18','30','6','6'),
 ('19','31','7','7'),
 ('20','32','3','3'),
 ('21','33','4','4'),
 ('22','34','5','5'),

 ('23','35','6','6'),
 ('24','36','7','7'),


 ('25','37','3','3'),
 ('26','38','4','4'),
 ('27','39','5','5'),
 ('28','40','6','6'),
 ('29','41','7','7'),

 ('30','42','8','8'),
 ('31','43','9','9'),
 ('32','44','3','3'),
 ('33','45','4','4'),
 ('34','46','5','5'),

 ('35','47','6','6'),
 ('36','48','7','7');
