USE `spark_english`;



/*Data for the table `tb_paper_catalog` */

INSERT INTO `tb_paper_catalog` (`id`, `name`, `type`, `section_code`, `qr_code`, `parent_id`, `level`, `create_date`, `create_by`, `update_date`, `update_by`, `remarks`, `sort`, `del_flag`)
VALUES
  /*全真考场*/
  ('1', '全真考场1', 1, 1, NULL, '0', 1, '2017-07-11 09:33:50', '1', '2017-07-11 09:33:55', '1', '1', 1, 0),
  ('3', '全真考场3', 1, 1, NULL, '0', 1, '2017-07-11 15:05:41', '1', '2017-07-11 15:05:44', '1', '1', 1, 0),
  /*字幕听力2*/
  ('2', '字幕听力2', 2, 1, NULL, '0', 1, '2017-07-11 09:43:52', '2', '2017-07-11 09:43:55', '2', '2', 2, 0),

  ('4', '4', 3, 1, NULL, '', 2, '2017-07-19 12:00:00', '1', '2017-07-19 12:00:00', '1', '1', 0, 0);

/*Data for the table `tb_paper`  内容类型（0.不区分1.听力2.阅读3.翻译4.写作;默认0） */

INSERT INTO `tb_paper` (`id`, `catalog_id`, `qr_code`, `name`, `content_type`, `code`, `img`, `parent_id`, `level`, `is_leaf`, `question_num`, `create_date`, `create_by`, `update_date`, `update_by`, `remarks`, `sort`, `del_flag`)
VALUES
  /*全真考场*/
  ('1', '1', '1,2', '全真考场1试卷1', 0, '1', 'http://res.xhiw.com.cn/4c8a4151719c444da98bc07a27991bcb.png', '0', 1, 1, NULL, '2017-07-11 09:35:19', '1', '2017-07-21 16:10:31', '1', '1', 0, 0),
  ('2', '1', NULL, '全真考场1试卷2', 0, '2', '2', '0', 1, 1, NULL, '2017-07-11 09:36:11', '2', '2017-07-11 09:36:14', '2', '2', 0, 0),
  ('5', '3', NULL, '全真考场3试卷5', 0, '5', 'http://res.xhiw.com.cn/4c8a4151719c444da98bc07a27991bcb.png', '0', 1, 1, NULL, '2017-07-11 15:06:57', '5', '2017-07-11 15:07:13', '5', '5', 5, 0),
  /*字幕听力2*/
  ('3', '2', NULL, '字幕听力2试卷3', 0, '3', 'http://res.xhiw.com.cn/4c8a4151719c444da98bc07a27991bcb.png', '0', 1, 1, NULL, '2017-07-11 09:44:42', '1', '2017-07-11 09:44:49', '1', '1', 0, 0),
  ('31', '2', NULL, '字幕听力2试卷3试卷31', 0, '31', 'http://res.xhiw.com.cn/4c8a4151719c444da98bc07a27991bcb.png', '3', 2, 1, 0, '2017-07-21 16:30:09', '1', '2017-07-21 16:30:15', '1', '1', 0, 0),
  ('32', '2', NULL, '字幕听力2试卷3试卷32', 0, '32', 'http://res.xhiw.com.cn/4c8a4151719c444da98bc07a27991bcb.png', '3', 2, 1, 0, '2017-07-21 16:31:56', '1', '2017-07-21 16:32:02', '1', '1', 0, 0),
  ('33', '2', NULL, '字幕听力2试卷3试卷33', 0, '33', 'http://res.xhiw.com.cn/4c8a4151719c444da98bc07a27991bcb.png', '3', 2, 1, 0, '2017-07-21 16:32:34', '1', '2017-07-21 16:32:40', '1', '1', 0, 0),
  ('4', '2', NULL, '字幕听力2试卷4', 0, '4', 'http://res.xhiw.com.cn/4c8a4151719c444da98bc07a27991bcb.png', '0', 1, 1, NULL, '2017-07-11 09:46:21', '4', '2017-07-11 09:46:25', '4', '4', 0, 0);

/*Data for the table `tb_paper_structure` 题目类型(1.听力 2.阅读 3.翻译 4.写作)*/

INSERT INTO `tb_paper_structure` (`id`, `paper_id`, `name`, `content_type`, `alias`, `parent_id`, `parent_ids`, `level`, `is_leaf`, `create_date`, `create_by`, `update_date`, `update_by`, `remarks`, `sort`, `del_flag`)
VALUES
  ('11', '1', '写作', 4, '写作', '0', '0', 1, 1, '2017-07-11 16:10:27', '1', '2017-07-11 16:10:31', '1', '1', 0, 0),

  ('12', '1', '听力', 1, '听力', '0', '0', 1, 0, '2017-07-11 16:10:57', '1', '2017-07-11 16:11:02', '1', '1', 0, 0),
  ('121', '1', '长对话', 1, '长对话', '12', '0,12', 2, 1, '2017-07-11 18:48:51', '1', '2017-07-11 18:48:56', '1', '1', 0, 0),
  ('122', '1', '短对话', 1, '短对话', '12', '0,12', 2, 1, '2017-07-13 09:40:48', '1', '2017-07-13 09:40:53', '1', '1', 0, 0),
  ('123', '1', '短篇新闻', 1, '短篇新闻', '12', '0,12', 2, 1, '2017-07-13 09:42:41', '1', '2017-07-13 09:42:43', '1', '1', 0, 0),

  ('13', '1', '阅读', 2, '阅读', '0', '0', 1, 0, '2017-07-11 16:12:37', '1', '2017-07-11 16:12:40', '1', '1', 0, 0),
  ('131', '1', '篇幅阅读', 2, '篇幅阅读', '13', '0,13', 2, 1, '2017-07-13 14:42:38', '1', '2017-07-13 14:42:42', '1', '1', 0, 0),
  ('132', '1', '篇章词汇', 2, '篇章词汇', '13', '0,13', 2, 1, '2017-07-13 14:43:56', '1', '2017-07-13 14:43:58', '1', '1', 0, 0),

  ('14', '1', '翻译', 3, '翻译', '0', '', 1, 1, '2017-07-11 16:16:18', '1', '2017-07-11 16:16:21', '1', '1', 0, 0);

/*Data for the table `tb_paper_question` */

INSERT INTO `tb_paper_question` (`id`, `paper_id`, `structure_id`, `question_id`, `create_date`, `create_by`, `update_date`, `update_by`, `remarks`, `sort`, `del_flag`)
VALUES
  ('1', '1', '121', '6', '2017-07-11 16:20:24', '6', '2017-07-11 16:20:27', '1', '1', 0, 0),
  ('2', '1', '122', '7', '2017-07-13 09:54:42', '7', '2017-07-13 09:54:45', '77', '7', 0, 0),
  ('3', '1', '131', '8', '2017-07-13 14:47:10', '1', '2017-07-13 14:47:16', '1', '1', 0, 0),
  ('4', '1', '132', '9', '2017-07-13 14:48:03', '1', '2017-07-13 14:48:07', '1', '1', 0, 0),
  ('5', '1', '131', '10', '2017-07-18 20:43:04', '1', '2017-07-18 20:43:07', '1', '1', 0, 0),
  ('6', '1', '11', '11', '2017-07-18 20:58:36', '1', '2017-07-18 20:58:38', '1', '1', 0, 0),
  ('7', '1', '14', '12', '2017-07-18 21:08:06', '1', '2017-07-18 21:08:09', '1', '1', 0, 0),
  ('8', '1', '131', '13', '2017-07-19 09:20:46', '1', '2017-07-19 09:20:48', '1', '1', 0, 0);


/*Data for the table `tb_question` 题目类型(1.听力 2.阅读 3.翻译 4.写作)*/

INSERT INTO `tb_question` (`id`, `name`, `content`, `type`, `has_item`, `question_num`, `section_code`, `analysis`, `create_date`, `create_by`, `update_date`, `update_by`, `remarks`, `del_flag`)
VALUES
  ('6', '6', '6', 1, 1, 2, 1, '1', '2017-07-11 16:20:03', '1', '2017-07-11 16:20:08', '1', '1', 0),
  ('7', '7', '7', 1, 1, 2, 1, '7', '2017-07-13 09:47:33', '1', '2017-07-13 09:47:37', '1', '1', 0),

  ('8', '8', '8', 2, 1, 2, 1, '1', '2017-07-13 14:45:46', '1', '2017-07-13 14:45:50', '1', '1', 0),
  ('9', '9', '9', 2, 1, 2, 1, '9', '2017-07-13 14:46:22', '1', '2017-07-13 14:46:26', '1', '1', 0),
  ('10', '10', '10', 2, 1, 2, 1, '10', '2017-07-18 20:42:19', '1', '2017-07-18 20:42:22', '1', '1', 0),
  ('13', '13', '13', 2, 1, 1, 1, '12', '2017-07-19 09:19:52', '1', '2017-07-19 09:19:55', '1', '1', 0),

  ('12', '12', '12', 3, 0, 0, 1, '', '2017-07-18 21:06:44', '1', '2017-07-18 21:06:46', '1', '1', 0),
  ('2', '2', '2', 3, 1, 1, 1, '2', '2017-07-10 20:16:04', '2', '2017-07-10 20:16:12', '2', '2', 0),
  ('3', '3', '3', 3, 1, 1, 1, '3', '2017-07-10 20:13:57', '3', '2017-07-10 20:14:00', '3', '3', 0),
  ('37', '37', '37', 3, 0, 0, 1, '1', '2017-07-22 09:38:12', '1', '2017-07-22 09:38:15', '1', '1', 0),
  ('38', '38', '38', 3, 0, 0, 1, '1', '2017-07-22 09:38:12', '1', '2017-07-22 09:38:15', '1', '1', 0),
  ('39', '39', '39', 3, 0, 0, 1, '1', '2017-07-22 09:38:12', '1', '2017-07-22 09:38:15', '1', '1', 0),
  ('40', '40', '10', 3, 0, 0, 1, '1', '2017-07-22 09:38:12', '1', '2017-07-22 09:38:15', '1', '1', 0),
  ('41', '41', '41', 3, 0, 0, 1, '1', '2017-07-22 09:38:12', '1', '2017-07-22 09:38:15', '1', '1', 0),
  ('42', '42', '42', 3, 0, 0, 1, '1', '2017-07-22 09:38:12', '1', '2017-07-22 09:38:15', '1', '1', 0),
  ('43', '43', '43', 3, 0, 0, 1, '1', '2017-07-22 09:38:12', '1', '2017-07-22 09:38:15', '1', '1', 0),
  ('44', '44', '44', 3, 0, 0, 1, '1', '2017-07-22 09:38:12', '1', '2017-07-22 09:38:15', '1', '1', 0),
  ('45', '45', '45', 3, 0, 0, 1, '1', '2017-07-22 09:38:12', '1', '2017-07-22 09:38:15', '1', '1', 0),
  ('46', '46', '46', 3, 0, 0, 1, '1', '2017-07-22 09:38:12', '1', '2017-07-22 09:38:15', '1', '1', 0),
  ('47', '47', '47', 3, 0, 0, 1, '1', '2017-07-22 09:38:12', '1', '2017-07-22 09:38:15', '1', '1', 0),
  ('48', '48', '48', 3, 0, 0, 1, '1', '2017-07-22 09:38:12', '1', '2017-07-22 09:38:15', '1', '1', 0),

  ('11', '11', '11', 4, 0, 0, 1, '111', '2017-07-18 20:57:56', '1', '2017-07-18 20:57:58', '1', '1', 0),
  ('14', '10', '10', 4, 0, 0, 1, '1', '2017-07-22 09:38:12', '1', '2017-07-22 09:38:15', '1', '1', 0),
  ('15', '15', '10', 4, 0, 0, 1, '1', '2017-07-22 09:38:12', '1', '2017-07-22 09:38:15', '1', '1', 0),
  ('16', '16', '10', 4, 0, 0, 1, '1', '2017-07-22 09:38:12', '1', '2017-07-22 09:38:15', '1', '1', 0),
  ('17', '17', '10', 4, 0, 0, 1, '1', '2017-07-22 09:38:12', '1', '2017-07-22 09:38:15', '1', '1', 0),
  ('18', '18', '10', 4, 0, 0, 1, '1', '2017-07-22 09:38:12', '1', '2017-07-22 09:38:15', '1', '1', 0),
  ('19', '19', '10', 4, 0, 0, 1, '1', '2017-07-22 09:38:12', '1', '2017-07-22 09:38:15', '1', '1', 0),
  ('20', '20', '10', 4, 0, 0, 1, '1', '2017-07-22 09:38:12', '1', '2017-07-22 09:38:15', '1', '1', 0),
  ('21', '21', '10', 4, 0, 0, 1, '1', '2017-07-22 09:38:12', '1', '2017-07-22 09:38:15', '1', '1', 0),
  ('22', '22', '10', 4, 0, 0, 1, '1', '2017-07-22 09:38:12', '1', '2017-07-22 09:38:15', '1', '1', 0),
  ('23', '23', '10', 4, 0, 0, 1, '1', '2017-07-22 09:38:12', '1', '2017-07-22 09:38:15', '1', '1', 0),
  ('24', '24', '10', 4, 0, 0, 1, '1', '2017-07-22 09:38:12', '1', '2017-07-22 09:38:15', '1', '1', 0),
  ('25', '25', '10', 4, 0, 0, 1, '1', '2017-07-22 09:38:12', '1', '2017-07-22 09:38:15', '1', '1', 0),
  ('26', '26', '10', 4, 0, 0, 1, '1', '2017-07-22 09:38:12', '1', '2017-07-22 09:38:15', '1', '1', 0),
  ('27', '27', '10', 4, 0, 0, 1, '1', '2017-07-22 09:38:12', '1', '2017-07-22 09:38:15', '1', '1', 0),
  ('28', '28', '10', 4, 0, 0, 1, '1', '2017-07-22 09:38:12', '1', '2017-07-22 09:38:15', '1', '1', 0),
  ('29', '29', '10', 4, 0, 0, 1, '1', '2017-07-22 09:38:12', '1', '2017-07-22 09:38:15', '1', '1', 0),

  ('30', '30', '10', 4, 0, 0, 1, '1', '2017-07-22 09:38:12', '1', '2017-07-22 09:38:15', '1', '1', 0),
  ('31', '31', '10', 4, 0, 0, 1, '1', '2017-07-22 09:38:12', '1', '2017-07-22 09:38:15', '1', '1', 0),
  ('32', '32', '10', 4, 0, 0, 1, '1', '2017-07-22 09:38:12', '1', '2017-07-22 09:38:15', '1', '1', 0),
  ('33', '33', '10', 4, 0, 0, 1, '1', '2017-07-22 09:38:12', '1', '2017-07-22 09:38:15', '1', '1', 0),
  ('34', '34', '10', 4, 0, 0, 1, '1', '2017-07-22 09:38:12', '1', '2017-07-22 09:38:15', '1', '1', 0),
  ('35', '35', '10', 4, 0, 0, 1, '1', '2017-07-22 09:38:12', '1', '2017-07-22 09:38:15', '1', '1', 0),
  ('36', '36', '10', 4, 0, 0, 1, '1', '2017-07-22 09:38:12', '1', '2017-07-22 09:38:15', '1', '1', 0),

  ('4', '4', '4', 4, 1, 1, 1, '4', '2017-07-10 20:19:01', '4', '2017-07-10 20:19:08', '4', '4', 0),

  ('5', '5', '5', 4, 1, 1, 1, '5', '2017-07-10 20:28:08', '5', '2017-07-10 20:28:13', '5', '5', 0);



/*Data for the table `tb_paper_caption_listening` */

INSERT INTO `tb_paper_caption_listening` (`id`, `paper_id`, `audio_url`, `subtitle_url`) VALUES
  ('1', '1', 'http://o8c5o8act.bkt.clouddn.com/DTJ161M9.MP3',
   'quan-zhen-shi-ti-biao-zhun-mo-ni-6ji-dsq1162/mo-ni-zeng-ce-model-test-6-new/2.mp3'),
  ('2', '31', 'http://o8c5o8act.bkt.clouddn.com/DTJ161M9.MP3', 'http://res.xhiw.com.cn/test.lrc'),
  ('3', '32', 'http://o8c5o8act.bkt.clouddn.com/DTJ161M9.MP3', 'http://res.xhiw.com.cn/test.lrc'),
  ('33', '33', 'http://o8c5o8act.bkt.clouddn.com/DTJ161M9.MP3', 'http://res.xhiw.com.cn/test.lrc'),
  ('f2b7d7d6567c76fa01567c8a2eed0010', 'f2b7d7d656832b46015690dc52aa0b4a', 'http://o8c5o8act.bkt.clouddn.com/DTJ161M11.mp3', 'quan-zhen-shi-ti-biao-zhun-mo-ni-6ji-dsq1162/mo-ni-zeng-ce-model-test-6-new/4.mp3'),
  ('f2b7d7d6567c76fa01567c8a2f1d0011', 'f2b7d7d656832b46015690dc303d0984', 'http://o8c5o8act.bkt.clouddn.com/DTJ161M10.MP3', 'quan-zhen-shi-ti-biao-zhun-mo-ni-6ji-dsq1162/mo-ni-zeng-ce-model-test-6-new/3.mp3'),
  ('f2b7d7d6567c76fa01567c8a2f2b0012', 'f2b7d7d656832b46015690db80270035', 'http://o8c5o8act.bkt.clouddn.com/DTJ161M5.MP3', 'quan-zhen-shi-ti-biao-zhun-mo-ni-6ji-dsq1162/mo-ni-zeng-ce-model-test-7-new/5.mp3'),
  ('f2b7d7d6567c76fa01567c8a2f400013', 'f2b7d7d656832b46015690db9b410216', 'http://o8c5o8act.bkt.clouddn.com/DTJ161M6.MP3', 'quan-zhen-shi-ti-biao-zhun-mo-ni-6ji-dsq1162/mo-ni-zeng-ce-model-test-7-new/6.mp3'),
  ('f2b7d7d6567c76fa01567c8a2f4a0014', 'f2b7d7d656832b46015690dbb83f03eb', 'http://o8c5o8act.bkt.clouddn.com/DTJ161M7.MP3', 'quan-zhen-shi-ti-biao-zhun-mo-ni-6ji-dsq1162/mo-ni-zeng-ce-model-test-7-new/7.mp3'),
  ('f2b7d7d6567c76fa01567c8a2f590015', 'f2b7d7d656832b46015690dbd66605b9', 'http://o8c5o8act.bkt.clouddn.com/DTJ161M8.MP3', 'quan-zhen-shi-ti-biao-zhun-mo-ni-6ji-dsq1162/mo-ni-zeng-ce-model-test-6-new/1.mp3'),
  ('f2b7d7d6567c76fa01567c8a2f590016', 'f2b7d7d656832b46015690dc08df079a', 'http://o8c5o8act.bkt.clouddn.com/DTJ161M9.MP3', 'quan-zhen-shi-ti-biao-zhun-mo-ni-6ji-dsq1162/mo-ni-zeng-ce-model-test-6-new/2.mp3'),
  ('f2b7d7d6567c76fa01567c8a2f690016', 'f2b7d7d656832b46015690dc7f280d0c',
   'http://o8c5o8act.bkt.clouddn.com/DTJ161M12.mp3',
   'quan-zhen-shi-ti-biao-zhun-mo-ni-6ji-dsq1162/mo-ni-zeng-ce-model-test-6-new/5.mp3'),
  ('f2b7d7d6567c76fa01567c8a2f690017', 'f2b7d7d656832b46015690dc08df079a',
   'http://o8c5o8act.bkt.clouddn.com/DTJ161M9.MP3',
   'quan-zhen-shi-ti-biao-zhun-mo-ni-6ji-dsq1162/mo-ni-zeng-ce-model-test-6-new/2.mp3');

/*Data for the table `tb_paper_caption_listening_video` */

INSERT INTO `tb_paper_caption_listening_video` (`id`, `paper_id`, `name`, `cc_id`) VALUES ('1', '1', '1', '1');







/*Data for the table `tb_question_item` */

INSERT INTO `tb_question_item` (`id`, `question_id`, `content`, `analysis`, `create_date`, `create_by`, `update_date`, `update_by`, `remarks`, `sort`, `del_flag`)
VALUES ('1', '6', '6', '6', '2017-07-11 16:21:23', '6', '2017-07-11 16:21:26', '6', '6', 6, 0),
  ('13', '13', '13', '13', '2017-07-19 14:06:42', '1', '2017-07-19 14:06:45', '1', '1', 1, 0),
  ('132', '13', '1312', '132', '2017-07-19 14:22:58', '132', '2017-07-19 14:23:04', '13', '13', 2, 0),
  ('2', '6', '2', '2', '2017-07-13 09:49:18', '2', '2017-07-13 09:49:23', '2', '2', 2, 0),
  ('3', '7', '7', '7', '2017-07-13 09:55:30', '7', '2017-07-13 09:55:33', '7', '7', 7, 0),
  ('4', '7', '4', '4', '2017-07-13 09:56:23', '4', '2017-07-13 09:56:25', '4', '4', 4, 0),
  ('5', '8', '5', '666', '2017-07-13 14:49:57', '5', '2017-07-24 15:18:18', '1', '5', 5, 0),
  ('6', '8', '6', '6', '2017-07-13 14:50:33', '6', '2017-07-13 14:50:35', '6', '6', 6, 0),
  ('7', '9', '7', '7', '2017-07-13 14:50:55', '7', '2017-07-13 14:51:00', '7', '7', 7, 0),
  ('8', '9', '8', '8', '2017-07-13 14:51:22', '8', '2017-07-13 14:51:25', '8', '8', 8, 0),
  ('9', '10', '1', '1', '2017-07-18 20:54:59', '1', '2017-07-18 20:55:02', '1', '1', 1, 0),
  ('df87b9efd3ed11e68ba23223sf', 'df87b9efd3ed11e68ba2322ssff', '篇章阅读一小题', '篇章阅读一小题', '2017-07-22 18:08:23', '1', '2017-07-22 18:08:27', '1', '1', 1, 0),
  ('df87b9efd3ed11e68bac00123rsdf32', 'df87b9efd3ed11e68ba2322ssff', '篇章阅读二小题', '篇章阅读二小题', '2017-07-22 18:09:04', '1', '2017-07-22 18:09:07', '1', '1', 2, 0),
  ('df87b9efd3ed11e68bac00163e44e4dr', 'df87b9efd3ed11e68bac00163e4554dr', '英语小题1题干', '英语小题1 解析', '2017-07-10 16:16:46', '1', '2017-07-10 16:16:50', '1', '1', 1, 0),
  ('df87b9efd3ed11e68bac00163e44e4qq', 'df87b9efd3ed11e68bac00163e455499', '英语小题1题干', '英语小题1 解析', '2017-07-10 16:16:46', '1', '2017-07-10 16:16:50', '1', '1', 1, 0),
  ('df87b9efd3ed11e68bac00163e4552dr', 'df87b9efd3ed11e68bac00163e4554dr', '英语小题2题干', '英语小题2解析', '2017-07-10 16:17:39', '1', '2017-07-10 16:17:44', '1', '1', 2, 0),
  ('df87b9efd3ed11e68bac00163e4552ww', 'df87b9efd3ed11e68bac00163e455499', '英语小题2题干', '英语小题2解析', '2017-07-10 16:17:39', '1', '2017-07-10 16:17:44', '1', '1', 2, 0),
  ('df87b9efd3ed11e68bafed3sfsfe', 'df87b9efd3ed11e68ba2322ssdfwew', '信息匹配一', '信息匹配一', '2017-07-22 18:40:39', '1', '2017-07-22 18:40:43', '1', '1', 1, 0),
  ('df87b9efd3ed11e68bafesfwew32', 'df87b9efd3ed11e68ba2322ssdfwew', '信息匹配二', '信息匹配二', '2017-07-22 18:46:30', '1', '2017-07-22 18:46:33', '1', '1', 2, 0),
  ('df87b9efd3ed11e68sfsf3rsdf32', 'df87b9efd3ed11e68ba2322ssf', NULL, '篇章词汇二', '2017-07-22 18:53:20', '1', '2017-07-22 18:53:25', '1', '1', 1, 0),
  ('df87b9efd3ed11esfsfwefwefwe', 'df87b9efd3ed11e68ba2322ssf', NULL, '篇章词汇一', '2017-07-22 18:52:42', '1', '2017-07-22 18:52:46', '1', '1', 1, 0);

/*Data for the table `tb_question_listening` */

INSERT INTO `tb_question_listening` (`id`, `question_id`, `audio_url`, `tapescripts`, `translation`, `subtitle_url`)
VALUES ('1', '6', 'http://o8c5o8act.bkt.clouddn.com/DTJ161M1.MP3',
        '<p>Passage Two</p>\n<p>A study in Norway has found that students who stayed in school longer than others their same age scored higher on intelligence tests. </p>\n<p>【12】In the middle of the 1950s, the government began requiring students to attend school until the age of 16 instead of 14. Communities had almost 20 years to make the change. So some students went to school for 7 years while others went for at least 9 years. This difference gave researchers the chance to see if the additional schooling had any effect on intellectual development. The researchers compared the test results of 107,000 young men to their years of school. Taryn Ann Galloway is a researcher at the University of Oslo.【13】She says that students who attended school for 9 years scored 7 points higher than those who attended for 7 years. Those who went for 8 years scored about 4 points higher. </p>\n<p>Another recent study, in the journal Nature, found that IQ scores can rise or fall during the teenage years.【14】In 2004, researchers from University College London tested 33 young people aged from 12 to 16. They repeated the tests 4 years later. They found increases or decreases of as much as 20 points. Both times, they also took structural brain scans using MRI, magnetic resonance imaging.【15】The study found that as IQ scores increased, so did the density of gray matter in some areas of the students’ brains. Professor Cathy Price says the differences in performance could be the result of some teens being early or late developers. But she says it is equally possible that education played a part. </p>\n<p>Questions 12 to 15 are based on the passage you have just heard. </p>\n<p>12. What did Norway government do in the middle of 1950s? </p>\n<p>13. What did Galloway find in her research? </p>\n<p>14. Who were the subjects of the study in 2004? </p>\n<p>15. What was the change in the students’ brains when their IQ scores increased? </p>',
        'which is threatening other towns south', 'http://subtitile.5555'),
  ('2', 'df87b9efd3ed11e68bac00163e4554dr', 'http://o8c5o8act.bkt.clouddn.com/DTJ161M1.MP3',
   '<p>M: Hi, Sally. Welcome back. How was the West Coast?</p>\n<p>W: Terrific. It was really nice to get away from the city for a while.</p>\n<p>M: What did you think of L.A.?</p>\n<p>W: It\'s very clean and spacious, and it\'s got lots of trees. 【12】The problem is transportation. The bus service is terrible and there is no subway, so it\'s a little difficult to get around.</p>\n<p>M: And what did you see?</p>\n<p>W: We took a drive around Hollywood and looked at the stars\' homes and then we went to Universal Studios and Disneyland.</p>\n<p>M: How did you like Disneyland?</p>\n<p>W: Great! We really enjoyed it. We took all the rides, some of them twice and had lots of fun. I felt just like a kid again.</p>\n<p>M: Was the weather good?</p>\n<p>W: 【13】It was nice and warm in L.A., and cool but comfortable in San Francisco.</p>\n<p>M: Cool in San Francisco? That\'s surprising.</p>\n<p>W: Yeah, it surprised us a bit, too. We didn\'t take any sweaters or anything. But they say it\'s always like that in August. Anyway, I just loved it. It\'s probably the most beautiful town in the US.</p>\n<p>M: So, you liked it better than L.A.?</p>\n<p>W: Oh, yes. 【14】There\'s much more to see and do. And because it\'s smaller than L.A., it\'s a lot easier to get around.</p>\n<p>M: What did you like best about San Francisco?</p>\n<p>W: Oh, I don\'t know. It\'s hard to say. I liked Golden Gate Park and Fishermen\'s Wharf. 【15】But, most of all, I liked the cable car ride—that was the most fun.</p>\n<p>12. What can we learn about the transportation of L.A.?</p>\n<p>13. What was the weather like in San Francisco?</p>\n<p>14. Why does the woman prefer San Francisco to L.A.?</p>\n<p>15. What does the woman like best about San Francisco?</p>',
   'of the state capital Perth.', 'http://subtitile.58888'), ('3', '7',
                                                              'http://7xqc0j.com1.z0.glb.clouddn.com/spark-exam/spark-exam/2016xin-ti-xing-zeng-ce-4ji/zeng-ce-ting-li-model-test-12-new/model-test-12.mp3',
                                                              '44444', '3333', 'http://subtitile.5555'),
  ('3e9ff37124f14202b56ce543361fc643', '11', 'ddd', 'dddd', 'ddd', 'dddd'), ('4', '10',
                                                                             'http://7xqc0j.com1.z0.glb.clouddn.com/spark-exam/spark-exam/2016xin-ti-xing-zeng-ce-4ji/zeng-ce-ting-li-model-test-2-new/model-test-2.mp3',
                                                                             '44444', '44444', 'http://subtitile.5555'),
  ('63ce7d66dd764ddea27e477f753fed5f', '11', '11111', '1111', '111', '1111'),
  ('df87b9efd3ed11e68bac00163e453fgr', 'df87b9efd3ed11e68bac00163e455499',
   'http://o8c5o8act.bkt.clouddn.com/DTJ161M1.MP3',
   '. It\'s probably the most beautiful town in the US.</p>\n<p>M: So, you liked it better than L.A.?</p>\n<p>W: Oh, yes. 【14】There\'s much more to see and do. And because it\'s smaller than L.A., it\'s a lot easier to get around.</p>\n<p>M: What did you like best about San Francisco?</p>\n<p>W: Oh, I don\'t know. It\'s hard to say. I liked Golden Gate Park and Fishermen\'s Wharf. 【15】But, most of all, I liked the cable car ride—that was the most fun.</p>\n<p>12. What can we learn about the transportation of L.A.?</p>\n<p>13. What was the weather like in San Francisco?</p>\n<p>14. Why does the woman prefer San Francisco to L.A.?</p>\n<p>15. What does the woman like best about San Francisco?</p>',
   'of the state capital Perth.', 'http://subtitile.58888');

/*Data for the table `tb_question_option` */

INSERT INTO `tb_question_option` (`id`, `item_id`, `name`, `content`, `is_answer`, `create_date`, `create_by`, `update_date`, `update_by`, `remarks`, `sort`, `del_flag`)
VALUES ('1', '1', 'A', 'AAAAA', 1, '2017-07-11 16:22:30', '1', '2017-07-11 16:22:33', '1', '1', 1, 0),
  ('10', '3', 'B', 'BBBB', 0, '2017-07-11 16:23:17', '1', '2017-07-11 16:23:20', '1', '1', 0, 0),
  ('11', '3', 'C', 'CCCCC', 0, '2017-07-11 16:23:38', '1', '2017-07-11 16:23:47', '1', '1', 0, 0),
  ('12', '3', 'D', 'DDDD', 0, '2017-07-11 16:24:13', '1', '2017-07-11 16:24:18', '1', '1', 0, 0),
  ('13', '4', 'A', 'AAAAA', 1, '2017-07-11 16:22:30', '1', '2017-07-11 16:22:33', '1', '1', 1, 0),
  ('14', '4', 'B', 'BBBB', 0, '2017-07-11 16:23:17', '1', '2017-07-11 16:23:20', '1', '1', 0, 0),
  ('15', '4', 'C', 'CCCCC', 0, '2017-07-11 16:23:38', '1', '2017-07-11 16:23:47', '1', '1', 0, 0),
  ('16', '4', 'D', 'DDDD', 0, '2017-07-11 16:24:13', '1', '2017-07-11 16:24:18', '1', '1', 0, 0),
  ('17', '8', 'A', 'AAAAA', 1, '2017-07-11 16:22:30', '1', '2017-07-11 16:22:33', '1', '1', 1, 0),
  ('18', '8', 'B', 'BBBB', 0, '2017-07-11 16:23:17', '1', '2017-07-11 16:23:20', '1', '1', 0, 0),
  ('19', '8', 'C', 'CCCCC', 0, '2017-07-11 16:23:38', '1', '2017-07-11 16:23:47', '1', '1', 0, 0),
  ('2', '1', 'B', 'BBBB', 0, '2017-07-11 16:23:17', '1', '2017-07-11 16:23:20', '1', '1', 0, 0),
  ('20', '8', 'D', 'DDDD', 0, '2017-07-11 16:24:13', '1', '2017-07-11 16:24:18', '1', '1', 0, 0),
  ('21', '9', 'A', 'AAAAA', 1, '2017-07-11 16:22:30', '1', '2017-07-11 16:22:33', '1', '1', 1, 0),
  ('22', '9', 'B', 'BBBB', 0, '2017-07-11 16:23:17', '1', '2017-07-11 16:23:20', '1', '1', 0, 0),
  ('23', '9', 'C', 'CCCCC', 0, '2017-07-11 16:23:38', '1', '2017-07-11 16:23:47', '1', '1', 0, 0),
  ('24', '9', 'D', 'DDDD', 0, '2017-07-11 16:24:13', '1', '2017-07-11 16:24:18', '1', '1', 0, 0),
  ('25', '7', 'A', 'AAAAA', 1, '2017-07-11 16:22:30', '1', '2017-07-11 16:22:33', '1', '1', 1, 0),
  ('26', '7', 'B', 'BBBB', 0, '2017-07-11 16:23:17', '1', '2017-07-11 16:23:20', '1', '1', 0, 0),
  ('27', '7', 'C', 'CCCCC', 0, '2017-07-11 16:23:38', '1', '2017-07-11 16:23:47', '1', '1', 0, 0),
  ('28', '7', 'D', 'DDDD', 0, '2017-07-11 16:24:13', '1', '2017-07-11 16:24:18', '1', '1', 0, 0),
  ('29', '10', 'A', 'AAAAA', 1, '2017-07-11 16:22:30', '1', '2017-07-11 16:22:33', '1', '1', 1, 0),
  ('3', '1', 'C', 'CCCCC', 0, '2017-07-11 16:23:38', '1', '2017-07-11 16:23:47', '1', '1', 0, 0),
  ('30', '10', 'B', 'BBBB', 0, '2017-07-11 16:23:17', '1', '2017-07-11 16:23:20', '1', '1', 0, 0),
  ('31', '10', 'C', 'CCCCC', 0, '2017-07-11 16:23:38', '1', '2017-07-11 16:23:47', '1', '1', 0, 0),
  ('32', '10', 'D', 'DDDD', 0, '2017-07-11 16:24:13', '1', '2017-07-11 16:24:18', '1', '1', 0, 0),
  ('33', '13', 'A', 'AAAAA', 1, '2017-07-11 16:22:30', '1', '2017-07-11 16:22:33', '1', '1', 1, 0),
  ('34', '13', 'B', 'BBBB', 0, '2017-07-11 16:23:17', '1', '2017-07-11 16:23:20', '1', '1', 2, 0),
  ('35', '13', 'C', 'CCCCC', 0, '2017-07-11 16:23:38', '1', '2017-07-11 16:23:47', '1', '1', 3, 0),
  ('36', '13', 'D', 'DDDD', 0, '2017-07-11 16:24:13', '1', '2017-07-11 16:24:18', '1', '1', 4, 0),
  ('37', '13', 'E', 'EEEE', 0, '2017-07-11 16:22:30', '1', '2017-07-11 16:22:33', '1', '1', 5, 0),
  ('38', '13', 'F', 'FFFF', 0, '2017-07-11 16:23:17', '1', '2017-07-11 16:23:20', '1', '1', 6, 0),
  ('39', '13', 'G', 'GGGG', 0, '2017-07-11 16:23:38', '1', '2017-07-11 16:23:47', '1', '1', 7, 0),
  ('4', '1', 'D', 'DDDD', 0, '2017-07-11 16:24:13', '1', '2017-07-11 16:24:18', '1', '1', 0, 0),
  ('40', '13', 'H', 'HHHH', 0, '2017-07-11 16:24:13', '1', '2017-07-11 16:24:18', '1', '1', 8, 0),
  ('41', '13', 'I', 'IIII', 0, '2017-07-11 16:22:30', '1', '2017-07-11 16:22:33', '1', '1', 9, 0),
  ('42', '13', 'J', 'JJJJ', 0, '2017-07-11 16:23:17', '1', '2017-07-11 16:23:20', '1', '1', 10, 0),
  ('43', '13', 'K', 'KKKK', 0, '2017-07-11 16:23:38', '1', '2017-07-11 16:23:47', '1', '1', 11, 0),
  ('44', '13', 'L', 'LLLL', 0, '2017-07-11 16:24:13', '1', '2017-07-11 16:24:18', '1', '1', 12, 0),
  ('45', '13', 'M', 'MMMM', 0, '2017-07-11 16:22:30', '1', '2017-07-11 16:22:33', '1', '1', 13, 0),
  ('46', '13', 'N', 'NNNN', 0, '2017-07-11 16:23:17', '1', '2017-07-11 16:23:20', '1', '1', 14, 0),
  ('47', '13', 'O', 'OOOO', 0, '2017-07-11 16:23:38', '1', '2017-07-11 16:23:47', '1', '1', 15, 0),
  ('48', '132', 'A', 'AAAAA', 1, '2017-07-11 16:22:30', '1', '2017-07-11 16:22:33', '1', '1', 1, 0),
  ('49', '132', 'B', 'BBBB', 0, '2017-07-11 16:23:17', '1', '2017-07-11 16:23:20', '1', '1', 2, 0),
  ('5', '2', 'A', 'AAAAA', 1, '2017-07-11 16:22:30', '1', '2017-07-11 16:22:33', '1', '1', 1, 0),
  ('50', '132', 'C', 'CCCCC', 0, '2017-07-11 16:23:38', '1', '2017-07-11 16:23:47', '1', '1', 3, 0),
  ('51', '132', 'D', 'DDDD', 0, '2017-07-11 16:24:13', '1', '2017-07-11 16:24:18', '1', '1', 4, 0),
  ('52', '132', 'E', 'EEEE', 0, '2017-07-11 16:22:30', '1', '2017-07-11 16:22:33', '1', '1', 5, 0),
  ('53', '132', 'F', 'FFFF', 0, '2017-07-11 16:23:17', '1', '2017-07-11 16:23:20', '1', '1', 6, 0),
  ('54', '132', 'G', 'GGGG', 0, '2017-07-11 16:23:38', '1', '2017-07-11 16:23:47', '1', '1', 7, 0),
  ('55', '132', 'H', 'HHHH', 0, '2017-07-11 16:24:13', '1', '2017-07-11 16:24:18', '1', '1', 8, 0),
  ('56', '132', 'I', 'IIII', 0, '2017-07-11 16:22:30', '1', '2017-07-11 16:22:33', '1', '1', 9, 0),
  ('57', '132', 'J', 'JJJJ', 0, '2017-07-11 16:23:17', '1', '2017-07-11 16:23:20', '1', '1', 10, 0),
  ('58', '132', 'K', 'KKKK', 0, '2017-07-11 16:23:38', '1', '2017-07-11 16:23:47', '1', '1', 11, 0),
  ('59', '132', 'L', 'LLLL', 0, '2017-07-11 16:24:13', '1', '2017-07-11 16:24:18', '1', '1', 12, 0),
  ('6', '2', 'B', 'BBBB', 0, '2017-07-11 16:23:17', '1', '2017-07-11 16:23:20', '1', '1', 0, 0),
  ('60', '132', 'M', 'MMMM', 0, '2017-07-11 16:22:30', '1', '2017-07-11 16:22:33', '1', '1', 13, 0),
  ('61', '132', 'N', 'NNNN', 0, '2017-07-11 16:23:17', '1', '2017-07-11 16:23:20', '1', '1', 14, 0),
  ('62', '132', 'O', 'OOOO', 0, '2017-07-11 16:23:38', '1', '2017-07-11 16:23:47', '1', '1', 15, 0),
  ('63', '5', 'A', '', 0, '2017-07-11 16:22:30', '1', '2017-07-24 15:52:40', '1', '1234567', 1, 0),
  ('64', '5', 'B', NULL, 0, '2017-07-11 16:23:17', '1', '2017-07-11 16:23:20', '1', '1', 2, 0),
  ('65', '5', 'C', NULL, 0, '2017-07-11 16:23:38', '1', '2017-07-11 16:23:47', '1', '1', 3, 0),
  ('66', '5', 'D', NULL, 0, '2017-07-11 16:24:13', '1', '2017-07-11 16:24:18', '1', '1', 4, 0),
  ('67', '5', 'E', NULL, 0, '2017-07-11 16:22:30', '1', '2017-07-11 16:22:33', '1', '1', 5, 0),
  ('68', '5', 'F', NULL, 0, '2017-07-11 16:23:17', '1', '2017-07-11 16:23:20', '1', '1', 6, 0),
  ('69', '5', 'G', NULL, 0, '2017-07-11 16:23:38', '1', '2017-07-11 16:23:47', '1', '1', 7, 0),
  ('7', '2', 'C', 'CCCCC', 0, '2017-07-11 16:23:38', '1', '2017-07-11 16:23:47', '1', '1', 0, 0),
  ('70', '5', 'H', NULL, 0, '2017-07-11 16:24:13', '1', '2017-07-11 16:24:18', '1', '1', 8, 0),
  ('71', '5', 'I', NULL, 0, '2017-07-11 16:22:30', '1', '2017-07-11 16:22:33', '1', '1', 9, 0),
  ('72', '5', 'J', NULL, 0, '2017-07-11 16:23:17', '1', '2017-07-11 16:23:20', '1', '1', 10, 0),
  ('73', '5', 'K', NULL, 0, '2017-07-11 16:23:38', '1', '2017-07-11 16:23:47', '1', '1', 11, 0),
  ('74', '5', 'L', NULL, 0, '2017-07-11 16:24:13', '1', '2017-07-11 16:24:18', '1', '1', 12, 0),
  ('75', '5', 'M', NULL, 0, '2017-07-11 16:22:30', '1', '2017-07-11 16:22:33', '1', '1', 13, 0),
  ('76', '5', 'N', NULL, 0, '2017-07-11 16:23:17', '1', '2017-07-11 16:23:20', '1', '1', 14, 0),
  ('77', '5', 'O', NULL, 0, '2017-07-11 16:23:38', '1', '2017-07-11 16:23:47', '1', '1', 15, 0),
  ('78', '6', 'A', NULL, 1, '2017-07-11 16:22:30', '1', '2017-07-11 16:22:33', '1', '1', 1, 0),
  ('79', '6', 'B', NULL, 0, '2017-07-11 16:23:17', '1', '2017-07-11 16:23:20', '1', '1', 2, 0),
  ('8', '2', 'D', 'DDDD', 0, '2017-07-11 16:24:13', '1', '2017-07-11 16:24:18', '1', '1', 0, 0),
  ('80', '6', 'C', NULL, 0, '2017-07-11 16:23:38', '1', '2017-07-11 16:23:47', '1', '1', 3, 0),
  ('81', '6', 'D', NULL, 0, '2017-07-11 16:24:13', '1', '2017-07-11 16:24:18', '1', '1', 4, 0),
  ('82', '6', 'E', NULL, 0, '2017-07-11 16:22:30', '1', '2017-07-11 16:22:33', '1', '1', 5, 0),
  ('83', '6', 'F', NULL, 0, '2017-07-11 16:23:17', '1', '2017-07-11 16:23:20', '1', '1', 6, 0),
  ('84', '6', 'G', NULL, 0, '2017-07-11 16:23:38', '1', '2017-07-11 16:23:47', '1', '1', 7, 0),
  ('85', '6', 'H', NULL, 0, '2017-07-11 16:24:13', '1', '2017-07-11 16:24:18', '1', '1', 8, 0),
  ('86', '6', 'I', NULL, 0, '2017-07-11 16:22:30', '1', '2017-07-11 16:22:33', '1', '1', 9, 0),
  ('87', '6', 'J', NULL, 0, '2017-07-11 16:23:17', '1', '2017-07-11 16:23:20', '1', '1', 10, 0),
  ('88', '6', 'K', NULL, 0, '2017-07-11 16:23:38', '1', '2017-07-11 16:23:47', '1', '1', 11, 0),
  ('89', '6', 'L', NULL, 0, '2017-07-11 16:24:13', '1', '2017-07-11 16:24:18', '1', '1', 12, 0),
  ('9', '3', 'A', 'AAAAA', 1, '2017-07-11 16:22:30', '1', '2017-07-11 16:22:33', '1', '1', 1, 0),
  ('90', '6', 'M', NULL, 0, '2017-07-11 16:22:30', '1', '2017-07-11 16:22:33', '1', '1', 13, 0),
  ('91', '6', 'N', NULL, 0, '2017-07-11 16:23:17', '1', '2017-07-11 16:23:20', '1', '1', 14, 0),
  ('92', '6', 'O', NULL, 0, '2017-07-11 16:23:38', '1', '2017-07-11 16:23:47', '1', '1', 15, 0),
  ('df87b923r2rse243wfswsw2', 'df87b9efd3ed11e68bafesfwew32', 'D', NULL, 0, '2017-07-22 18:11:55', '1', '2017-07-22 18:11:55', '1', '1', 4, 0),
  ('df87b92f32sfse243wfswsw2', 'df87b9efd3ed11e68bafed3sfsfe', 'D', NULL, 0, '2017-07-22 18:11:55', '1', '2017-07-22 18:11:55', '1', '1', 4, 0),
  ('df87b9e23242wdsfew3w2', 'df87b9efd3ed11e68bafesfwew32', 'F', NULL, 0, '2017-07-22 18:11:55', '1', '2017-07-22 18:11:55', '1', '1', 6, 0),
  ('df87b9e232fsfww32sw2', 'df87b9efd3ed11e68bafed3sfsfe', 'I', NULL, 0, '2017-07-22 18:11:55', '1', '2017-07-22 18:11:55', '1', '1', 9, 0),
  ('df87b9e23r32rfwwswsw2', 'df87b9efd3ed11e68bafesfwew32', 'G', NULL, 0, '2017-07-22 18:11:55', '1', '2017-07-22 18:11:55', '1', '1', 7, 0),
  ('df87b9e2f32f22sfwswwswsw2', 'df87b9efd3ed11e68bafed3sfsfe', 'J', NULL, 0, '2017-07-22 18:11:55', '1', '2017-07-22 18:11:55', '1', '1', 10, 0),
  ('df87b9e2r23234sdfre', 'df87b9efd3ed11e68bafesfwew32', 'A', NULL, 0, '2017-07-22 18:10:35', '1', '2017-07-22 18:10:39', '1', '1', 1, 0),
  ('df87b9ef23r2328ba22324242dwe', 'df87b9efd3ed11e68bafesfwew32', 'C', NULL, 0, '2017-07-22 18:11:55', '1', '2017-07-22 18:11:58', '1', '1', 3, 0),
  ('df87b9ef2f231es2ssfsfwesw2', 'df87b9efd3ed11e68bafed3sfsfe', 'H', NULL, 0, '2017-07-22 18:11:55', '1', '2017-07-22 18:11:55', '1', '1', 8, 0),
  ('df87b9ef2sfefwwswsw2', 'df87b9efd3ed11e68bafed3sfsfe', 'G', NULL, 0, '2017-07-22 18:11:55', '1', '2017-07-22 18:11:55', '1', '1', 7, 0),
  ('df87b9efd3ed11e68ba22324242dwe', 'df87b9efd3ed11e68sfsf3rsdf32', 'C', 'CCC', 0, '2017-07-22 18:11:55', '1', '2017-07-22 18:11:58', '1', '1', 3, 0),
  ('df87b9efd3ed11e68ba22wswsw2', 'df87b9efd3ed11e68sfsf3rsdf32', 'E', 'EEE', 0, '2017-07-22 18:11:55', '1', '2017-07-22 18:11:55', '1', '1', 5, 0),
  ('df87b9efd3ed11e68ba24234sdfre', 'df87b9efd3ed11e68sfsf3rsdf32', 'A', 'AAA', 0, '2017-07-22 18:10:35', '1', '2017-07-22 18:10:39', '1', '1', 1, 0),
  ('df87b9efd3ed11e68ba243wfsfsdf', 'df87b9efd3ed11e68sfsf3rsdf32', 'B', 'BBB(正确答案)', 1, '2017-07-22 18:11:23', '1', '2017-07-22 18:11:27', '1', '1', 2, 0),
  ('df87b9efd3ed11e68ba243wfswsw2', 'df87b9efd3ed11e68sfsf3rsdf32', 'D', 'DDD', 0, '2017-07-22 18:11:55', '1', '2017-07-22 18:11:55', '1', '1', 4, 0),
  ('df87b9efd3ed11e68bac00122e44e4ef', 'df87b9efd3ed11e68bac00163e455499', 'C', 'optionC', 0, '2017-07-10 16:29:15', '1', '2017-07-10 16:29:20', '1', '1', 3, 0),
  ('df87b9efd3ed11e68bac00163e44e044', 'df87b9efd3ed11e68bac00163e455499', 'D', 'optionD', 0, '2017-07-10 16:30:15', '1', '2017-07-10 16:30:18', '1', '1', 4, 0),
  ('df87b9efd3ed11e68bac00163e44e0he', 'df87b9efd3ed11e68bac00163e44e4dr', 'D', 'optionD', 0, '2017-07-10 16:30:15', '1', '2017-07-10 16:30:18', '1', '1', 4, 0),
  ('df87b9efd3ed11e68bac00163e44e4ef', 'df87b9efd3ed11e68bac00163e44e4dr', 'C', 'optionC', 0, '2017-07-10 16:29:15', '1', '2017-07-10 16:29:20', '1', '1', 3, 0),
  ('df87b9efd3ed11e68bac00163e44e5dr', 'df87b9efd3ed11e68bac00163e44e4dr', 'B', 'option B', 0, '2017-07-10 16:28:39', '1', '2017-07-10 16:28:42', '1', '1', 2, 0),
  ('df87b9efd3ed11e68bac00163e44e5fr', 'df87b9efd3ed11e68bac00163e44e4dr', 'A', 'option A(正确答案)', 1, '2017-07-10 16:28:07', '1', '2017-07-10 16:28:12', '1', '1', 1, 0),
  ('df87b9efd3ed11e68bac00163e44e5ty', 'df87b9efd3ed11e68bac00163e455499', 'A', 'option A(正确答案)', 1, '2017-07-10 16:28:07', '1', '2017-07-10 16:28:12', '1', '1', 1, 0),
  ('df87b9efd3ed11e68bac00163e455345', 'df87b9efd3ed11e68bac00163e4552dr', 'C', 'option C', 0, '2017-07-10 16:33:04', '1', '2017-07-10 16:33:06', '1', '1', 3, 0),
  ('df87b9efd3ed11e68bac00163e4553jo', 'df87b9efd3ed11e68bac00163e455488', 'C', 'option C', 0, '2017-07-10 16:33:04', '1', '2017-07-10 16:33:06', '1', '1', 3, 0),
  ('df87b9efd3ed11e68bac00163e4553rt', 'df87b9efd3ed11e68bac00163e4552ww', 'C', 'option C', 0, '2017-07-10 16:33:04', '1', '2017-07-10 16:33:06', '1', '1', 3, 0),
  ('df87b9efd3ed11e68bac00163e4553vk', 'df87b9efd3ed11e68bac00163e44e4qq', 'C', 'option C', 0, '2017-07-10 16:33:04', '1', '2017-07-10 16:33:06', '1', '1', 3, 0),
  ('df87b9efd3ed11e68bac00163e4554gr', 'df87b9efd3ed11e68bac00163e4552dr', 'B', 'option B(正确答案)', 1, '2017-07-10 16:32:32', '1', '2017-07-10 16:32:36', '1', '1', 2, 0),
  ('df87b9efd3ed11e68bac00163e45556r', 'df87b9efd3ed11e68bac00163e4552dr', 'D', 'option D', 0, '2017-07-10 16:33:31', '1', '2017-07-10 16:33:35', '1', '1', 4, 0),
  ('df87b9efd3ed11e68bac00163edfe5dr', 'df87b9efd3ed11e68bac00163e455499', 'B', 'option B', 0, '2017-07-10 16:28:39', '1', '2017-07-10 16:28:42', '1', '1', 2, 0),
  ('df87b9efd3ed11e68bac0016o9455400', 'df87b9efd3ed11e68bac00163e4552ww', 'B', 'option B(正确答案)', 1, '2017-07-10 16:32:32', '1', '2017-07-10 16:32:36', '1', '1', 2, 0),
  ('df87b9efd3ed11e68bac0016o9455445', 'df87b9efd3ed11e68bac00163e44e4qq', 'B', 'option B(正确答案)', 1, '2017-07-10 16:32:32', '1', '2017-07-10 16:32:36', '1', '1', 2, 0),
  ('df87b9efd3ed11e68bac0016o94554gr', 'df87b9efd3ed11e68bac00163e455488', 'B', 'option B(正确答案)', 1, '2017-07-10 16:32:32', '1', '2017-07-10 16:32:36', '1', '1', 2, 0),
  ('df87b9efd3ed11e68bac0018fe45556r', 'df87b9efd3ed11e68bac00163e455488', 'D', 'option D', 0, '2017-07-10 16:33:31', '1', '2017-07-10 16:33:35', '1', '1', 4, 0),
  ('df87b9efd3ed11e68bac0018fe455598', 'df87b9efd3ed11e68bac00163e4552ww', 'D', 'option D', 0, '2017-07-10 16:33:31', '1', '2017-07-10 16:33:35', '1', '1', 4, 0),
  ('df87b9efd3ed11e68bac0018fe4555lk', 'df87b9efd3ed11e68bac00163e44e4qq', 'D', 'option D', 0, '2017-07-10 16:33:31', '1', '2017-07-10 16:33:35', '1', '1', 4, 0),
  ('df87b9efd3ed11e6dpac00163e45594o', 'df87b9efd3ed11e68bac00163e4552ww', 'A', 'option A', 0, '2017-07-10 16:31:51', '1', '2017-07-10 16:31:55', '1', '1', 1, 0),
  ('df87b9efd3ed11e6dpac00163e4559jh', 'df87b9efd3ed11e68bac00163e455488', 'A', 'option A', 0, '2017-07-10 16:31:51', '1', '2017-07-10 16:31:55', '1', '1', 1, 0),
  ('df87b9efd3ed11e6dpac00163e4559pn', 'df87b9efd3ed11e68bac00163e44e4qq', 'A', 'option A', 0, '2017-07-10 16:31:51', '1', '2017-07-10 16:31:55', '1', '1', 1, 0),
  ('df87b9efd3ed11e6dpac00163e477777', 'df87b9efd3ed11e68bac00163e4552dr', 'A', 'option A', 0, '2017-07-10 16:31:51', '1', '2017-07-10 16:31:55', '1', '1', 1, 0),
  ('df87b9efd3ed11e6wdsfew3w2', 'df87b9efd3ed11esfsfwefwefwe', 'F', 'FFF', 0, '2017-07-22 18:11:55', '1', '2017-07-22 18:11:55', '1', '1', 6, 0),
  ('df87b9efd3ed11e6wewwswsw2', 'df87b9efd3ed11e68sfsf3rsdf32', 'F', 'FFF', 0, '2017-07-22 18:11:55', '1', '2017-07-22 18:11:55', '1', '1', 6, 0),
  ('df87b9efd3ed11es2sewwswsw2', 'df87b9efd3ed11e68sfsf3rsdf32', 'H', 'HHH', 0, '2017-07-22 18:11:55', '1', '2017-07-22 18:11:55', '1', '1', 8, 0),
  ('df87b9efd3ed11es2ssfsfwesw2', 'df87b9efd3ed11esfsfwefwefwe', 'H', 'HHH', 0, '2017-07-22 18:11:55', '1', '2017-07-22 18:11:55', '1', '1', 8, 0),
  ('df87b9efd3ed11esfewefwwswsw2', 'df87b9efd3ed11e68sfsf3rsdf32', 'G', 'GGG', 0, '2017-07-22 18:11:55', '1', '2017-07-22 18:11:55', '1', '1', 7, 0),
  ('df87b9efd3ed21112sewwswsw2', 'df87b9efd3ed11e68sfsf3rsdf32', 'I', 'III', 0, '2017-07-22 18:11:55', '1', '2017-07-22 18:11:55', '1', '1', 9, 0),
  ('df87b9efd3ed211safwewwswsw2', 'df87b9efd3ed11e68sfsf3rsdf32', 'J', 'JJJ', 0, '2017-07-22 18:11:55', '1', '2017-07-22 18:11:55', '1', '1', 10, 0),
  ('df87b9efd3ed2sfwswwswsw2', 'df87b9efd3ed11esfsfwefwefwe', 'J', 'JJJ', 0, '2017-07-22 18:11:55', '1', '2017-07-22 18:11:55', '1', '1', 10, 0),
  ('df87b9efd3edsfww32sw2', 'df87b9efd3ed11esfsfwefwefwe', 'I', 'III', 0, '2017-07-22 18:11:55', '1', '2017-07-22 18:11:55', '1', '1', 9, 0),
  ('df87b9efd3sfszw32wswsw2', 'df87b9efd3ed11esfsfwefwefwe', 'E', 'EEE', 0, '2017-07-22 18:11:55', '1', '2017-07-22 18:11:55', '1', '1', 5, 0),
  ('df87b9efdfwwsfefwwswsw2', 'df87b9efd3ed11esfsfwefwefwe', 'G', 'GGG', 0, '2017-07-22 18:11:55', '1', '2017-07-22 18:11:55', '1', '1', 7, 0),
  ('df87b9efdsfse243wfswsw2', 'df87b9efd3ed11esfsfwefwefwe', 'D', 'DDD', 0, '2017-07-22 18:11:55', '1', '2017-07-22 18:11:55', '1', '1', 4, 0),
  ('df87b9eff32ffszw32wswsw2', 'df87b9efd3ed11e68bafed3sfsfe', 'E', NULL, 0, '2017-07-22 18:11:55', '1', '2017-07-22 18:11:55', '1', '1', 5, 0),
  ('df87b9eff32wa243wfsfsdf', 'df87b9efd3ed11e68bafed3sfsfe', 'B', NULL, 0, '2017-07-22 18:11:23', '1', '2017-07-22 18:11:27', '1', '1', 2, 0),
  ('df87b9effr23r3wfsfsdf', 'df87b9efd3ed11e68bafesfwew32', 'B', NULL, 1, '2017-07-22 18:11:23', '1', '2017-07-22 18:11:27', '1', '1', 2, 0),
  ('df87b9effsewgfsdf', 'df87b9efd3ed11e68bac00123rsdf32', 'B', 'BBBBBBBBBB(正确答案)', 1, '2017-07-22 18:11:23', '1', '2017-07-22 18:11:27', '1', '1', 2, 0),
  ('df87b9effsfewa243wfsfsdf', 'df87b9efd3ed11esfsfwefwefwe', 'B', 'BBB', 0, '2017-07-22 18:11:23', '1', '2017-07-22 18:11:27', '1', '1', 2, 0),
  ('df87b9effsffsffsfsdf', 'df87b9efd3ed11e68ba23223sf', 'B', 'BBBBBBBBBB', 0, '2017-07-22 18:11:23', '1', '2017-07-22 18:11:27', '1', '1', 2, 0),
  ('df87b9efsdfsfs43wfswsw2', 'df87b9efd3ed11e68ba23223sf', 'D', 'DDDDDDDDDDD', 0, '2017-07-22 18:11:55', '1', '2017-07-22 18:11:55', '1', '1', 4, 0),
  ('df87b9efsf2f328ba22324242dwe', 'df87b9efd3ed11e68bafed3sfsfe', 'C', NULL, 0, '2017-07-22 18:11:55', '1', '2017-07-22 18:11:58', '1', '1', 3, 0),
  ('df87b9efsfsfdsfsd22324242dwe', 'df87b9efd3ed11e68ba23223sf', 'C', 'CCCCCCCCCC', 0, '2017-07-22 18:11:55', '1', '2017-07-22 18:11:58', '1', '1', 3, 0),
  ('df87b9efsfwet8ba22324242dwe', 'df87b9efd3ed11esfsfwefwefwe', 'C', 'CCC', 0, '2017-07-22 18:11:55', '1', '2017-07-22 18:11:58', '1', '1', 3, 0),
  ('df87b9efsfwfrwe242dwe', 'df87b9efd3ed11e68bac00123rsdf32', 'C', 'CCCCCCCCCC', 0, '2017-07-22 18:11:55', '1', '2017-07-22 18:11:58', '1', '1', 3, 0),
  ('df87b9er32r3222sfwswwswsw2', 'df87b9efd3ed11e68bafesfwew32', 'J', NULL, 0, '2017-07-22 18:11:55', '1', '2017-07-22 18:11:55', '1', '1', 10, 0),
  ('df87b9erwrw21es2ssfsfwesw2', 'df87b9efd3ed11e68bafesfwew32', 'H', NULL, 0, '2017-07-22 18:11:55', '1', '2017-07-22 18:11:55', '1', '1', 8, 0),
  ('df87b9esfsfwdsfew3w2', 'df87b9efd3ed11e68bafed3sfsfe', 'F', NULL, 0, '2017-07-22 18:11:55', '1', '2017-07-22 18:11:55', '1', '1', 6, 0),
  ('df87b9ewe2f3f24234sdfre', 'df87b9efd3ed11e68bafed3sfsfe', 'A', NULL, 1, '2017-07-22 18:10:35', '1', '2017-07-22 18:10:39', '1', '1', 1, 0),
  ('df87b9ewesfdsf4sdfre', 'df87b9efd3ed11e68ba23223sf', 'A', 'AAAAAAAAAAAAA(正确答案)', 1, '2017-07-22 18:10:35', '1', '2017-07-22 18:10:39', '1', '1', 1, 0),
  ('df87b9eweswegf4sdfre', 'df87b9efd3ed11e68bac00123rsdf32', 'A', 'AAAAAAAAAAAAA', 0, '2017-07-22 18:10:35', '1', '2017-07-22 18:10:39', '1', '1', 1, 0),
  ('df87b9ewetda24234sdfre', 'df87b9efd3ed11esfsfwefwefwe', 'A', 'AAA(正确答案)', 1, '2017-07-22 18:10:35', '1', '2017-07-22 18:10:39', '1', '1', 1, 0),
  ('df87b9ewrwr2w32sw2', 'df87b9efd3ed11e68bafesfwew32', 'I', NULL, 0, '2017-07-22 18:11:55', '1',
                         '2017-07-22 18:11:55', '1', '1', 9, 0),
  ('df87b9r32r2rfszw32wswsw2', 'df87b9efd3ed11e68bafesfwew32', 'E', NULL, 0, '2017-07-22 18:11:55', '1',
                               '2017-07-22 18:11:55', '1', '1', 5, 0),
  ('df8sfewgwfs43wfswsw2', 'df87b9efd3ed11e68bac00123rsdf32', 'D', 'DDDDDDDDDDD', 0, '2017-07-22 18:11:55', '1',
                           '2017-07-22 18:11:55', '1', '1', 4, 0);

/*Data for the table `tb_question_reading` */

INSERT INTO `tb_question_reading` (`id`, `question_id`, `translation`)
VALUES ('1', '8', ''), ('2', '9', '2222333'), ('3', '13', '3333333'),
  ('df87b9efd3ed11e32545e', 'df87b9efd3ed11e68ba2322ssff', '篇章阅读'),
  ('df87b9efd3ed11e68bachdgjdfklghdf', 'df87b9efd3ed11e68bac00163e4554dr', '阅读翻译translation');

/*Data for the table `tb_question_translation` */

INSERT INTO `tb_question_translation` (`id`, `question_id`, `reference`, `analysis_cc_id`)
VALUES ('1', '12', '12', '12'), ('4', '4', '4', '4'), ('5', '5', '5', '5'),
  ('df87b9efd3ed11e68bac001634eewd', 'df87b9efd3ed11e68bac00163e347965', 'translation two', '1858226121'),
  ('df87b9efd3ed11e68bac00163e43ed4r', 'df87b9efd3ed11e68bac00163e422345', 'translation one', '630022541');

/*Data for the table `tb_question_writing` */

INSERT INTO `tb_question_writing` (`id`, `question_id`, `reference`, `analysis_cc_id`)
VALUES ('1', '11', '11', '11'), ('10', '22', '3', '3'), ('11', '23', '4', '4'), ('12', '24', '5', '5'),
  ('13', '25', '6', '6'), ('14', '26', '7', '7'), ('15', '27', '3', '3'), ('16', '28', '4', '4'),
  ('17', '29', '5', '5'), ('18', '30', '6', '6'), ('19', '31', '7', '7'), ('2', '14', '2', '2'), ('20', '32', '3', '3'),
  ('21', '33', '4', '4'), ('22', '34', '5', '5'), ('23', '35', '6', '6'), ('24', '36', '7', '7'),
  ('25', '37', '3', '3'), ('26', '38', '4', '4'), ('27', '39', '5', '5'), ('28', '40', '6', '6'),
  ('29', '41', '7', '7'), ('3', '15', '3', '3'), ('30', '42', '8', '8'), ('31', '43', '9', '9'), ('32', '44', '3', '3'),
  ('33', '45', '4', '4'), ('34', '46', '5', '5'), ('35', '47', '6', '6'), ('36', '48', '7', '7'), ('4', '16', '4', '4'),
  ('5', '17', '5', '5'), ('6', '18', '6', '6'), ('7', '19', '7', '7'), ('8', '20', '8', '8'), ('9', '21', '9', '9');

